<?xml version="1.0" encoding="UTF-8"?>
<CTKInfo>
  <Volume/>
  <PageList>
    <Page File="Page-0001.jpg" SHA1="baebafb01cdfdfd7ea5101d6eb55885a36249ae5"/>
    <Page File="Page-0002.jpg" SHA1="f7cba55e26ffac5adf4d10dc4de45a19862ea2ab"/>
    <Page File="Page-0003.jpg" SHA1="e6585a37e875dc27e109bd294cb0d242de785cb4"/>
    <Page File="Page-0004.jpg" SHA1="fb21f40f4db6f14273eb7134a0f0939f3968e04c"/>
    <Page File="Page-0005.jpg" SHA1="a5f9f26f9882cefa94e0e2a3a4253dbf9fcde04b"/>
    <Page File="Page-0006.jpg" SHA1="f92f12ef9e93de8d5537f2e90bf71b286fef6528"/>
    <Page File="Page-0007.jpg" SHA1="d51c9f322e3e1a821d09f4bdca524e3ab0b82514"/>
    <Page File="Page-0008.jpg" SHA1="7f11cf42321d3421f5af5b352fbbf1e1ee9df2ca"/>
    <Page File="Page-0009.jpg" SHA1="0e9ad4fa8f345ad8cb573500e6b7f72c7be4981c"/>
    <Page File="Page-0010.jpg" SHA1="6b843fbf826031ed2ed0ecf5c3bfb0b71fec071c"/>
    <Page File="Page-0011.jpg" SHA1="c642d3f4a3b2efe861b5e884d25c1e5164e71ba1"/>
    <Page File="Page-0012.jpg" SHA1="aa436aeee58fddbf6121795385cda01a23e4c662"/>
    <Page File="Page-0013.jpg" SHA1="c707a1ab5ae3a80a66c1971fc6f32a0d241d54c8"/>
    <Page File="Page-0014.jpg" SHA1="5f4bb14ab9b916f1a25d32e39c3f2c16b0639d6d"/>
    <Page File="Page-0015.jpg" SHA1="a7b92af79705d51b8133566f4b103dfb1c5a52bc"/>
    <Page File="Page-0016.jpg" SHA1="c73cf330c5e47c0c8f720f532eeee473116f6f4c"/>
    <Page File="Page-0017.jpg" SHA1="8fd8f9e824324d3ea22976487870f6f387f0313b"/>
    <Page File="Page-0018.jpg" SHA1="86e3df386090a8762e13540ee261c8086d3b214b"/>
    <Page File="Page-0019.jpg" SHA1="12a0b4061f4a1329cf68fa032e7a41c58af757d3"/>
    <Page File="Page-0020.jpg" SHA1="a379f67600b374a6ea497cbdfef033ec12b8dcca"/>
  </PageList>
  <FrameList/>
</CTKInfo>
